Item,Last Month,Second Last Month,Percentage Increment
AYAM BERSIH - STANDARD,2024-07,2024-06,-5.844859638947969
BAWANG BESAR IMPORT (INDIA),2024-07,2024-06,-2.7895957824356095
CILI KERING KERINTING (BERTANGKAI OR TIDAK BERTANGKAI),2024-07,2024-06,0.8683326646762323
IKAN KEMBUNG (ANTARA 8 HINGGA 12 EKOR SEKILOGRAM),2024-07,2024-06,-0.9852203285156258
TELUR AYAM GRED A,2024-07,2024-06,-3.7543591721732343
SANTAN KELAPA SEGAR (PEKAT),2024-07,2024-06,0.9031655842834937
